{"A": [[1.24794641, 0.71125375, 0.88480498, 1.67151374], [0.71125375, 0.89143171, 0.79985145, 1.1214371], [0.88480498, 0.79985145, 1.16631535, 1.26735489], [1.67151374, 1.1214371, 1.26735489, 2.29939869]], 
"b": [0.58713768, 0.09857435, 0.7423572, 0.6778238], 
"u": [0.82848314, 0.7022073, 0.74996683, 0.55654395],
"x_0": [0,0,0,0,0,0,0,0],
"comment": "n = 4, pd matrix, but no convergence"
}